﻿Designator,Footprint,Quantity,Value,LCSC Part #
BT1,JST_PH_B2B-PH-K_1x02_P2.00mm_Vertical,1,3S Li-ion,
BT2,BatteryHolder_Keystone_1060_1x2032,1,CR2032,
"C1, C2, C3",0603,3,100 nF,
D1,D_SOD-323_HandSoldering,1,SD103AWS,
J1,Pololu_D24V5Fx,1,Pololu D24V5F3,
J3,PinSocket_1x03_P2.54mm_Vertical,1,"0.1"" Header",
"J4, J5",JST_PH_B6B-PH-K_1x06_P2.00mm_Vertical,2,JST B6B-PH-K-S,
J6,JST_PH_B5B-PH-K_1x05_P2.00mm_Vertical,1,XLR5,
"M1, M2",JST_PH_B4B-PH-K_1x04_P2.00mm_Vertical,2,Conn_01x04_Male,
R1,0805,1,1K,
R2,0603,1,100k,
R3,0603,1,30.1k,
"SW1, SW2",SW_Push_SPST_NO_Alps_SKRK,2,SKRKAHE020,
U1,RPi_Pico_SMD_TH,1,Pico,
U2,SOIC-8_3.9x4.9mm_P1.27mm,1,DS3231MZ,
U4,TSSOP-20_4.4x6.5mm_P0.65mm,1,TLC59108FPW,
"U5, U6",MODULE_TMC2209_SILENTSTEPSTICK,2,TMC2209_SILENTSTEPSTICK,
